{"cameraMode":{"drawMode":0,"name":"Shaded","section":"Shading Mode"},"sceneLighting":false,"audioPlay":false,"sceneViewState":{"showFog":false,"showMaterialUpdate":false,"showSkybox":false,"showFlares":false,"showImageEffects":false,"showParticleSystems":false},"in2DMode":false,"pivot":{"x":438.4925842285156,"y":19.832935333251954,"z":495.87994384765627},"rotation":{"x":-0.09954649209976196,"y":-0.5080888867378235,"z":0.059260617941617969,"w":-0.8534778356552124},"size":41.86682891845703,"orthographic":false}