{"cameraMode":{"drawMode":0,"name":"Shaded","section":"Shading Mode"},"sceneLighting":false,"audioPlay":false,"sceneViewState":{"showFog":false,"showMaterialUpdate":false,"showSkybox":false,"showFlares":false,"showImageEffects":false,"showParticleSystems":false},"in2DMode":false,"pivot":{"x":804.6132202148438,"y":5.903861999511719,"z":366.9909362792969},"rotation":{"x":0.042003825306892398,"y":0.9575107097625732,"z":-0.21674072742462159,"w":0.18555991351604463},"size":40.010372161865237,"orthographic":false}