{"cameraMode":{"drawMode":0,"name":"Shaded","section":"Shading Mode"},"sceneLighting":false,"audioPlay":false,"sceneViewState":{"showFog":false,"showMaterialUpdate":false,"showSkybox":false,"showFlares":false,"showImageEffects":false,"showParticleSystems":false},"in2DMode":false,"pivot":{"x":826.0918579101563,"y":2.606597900390625,"z":369.7657775878906},"rotation":{"x":-0.1596737802028656,"y":-0.6027246117591858,"z":0.12469432502985,"w":-0.7718023061752319},"size":22.028215408325197,"orthographic":false}