{"cameraMode":{"drawMode":0,"name":"Shaded","section":"Shading Mode"},"sceneLighting":false,"audioPlay":false,"sceneViewState":{"showFog":false,"showMaterialUpdate":false,"showSkybox":false,"showFlares":false,"showImageEffects":false,"showParticleSystems":false},"in2DMode":false,"pivot":{"x":834.0785522460938,"y":2.487582206726074,"z":375.6075744628906},"rotation":{"x":0.02697155438363552,"y":0.9617995619773865,"z":-0.10282786935567856,"w":0.2522708773612976},"size":22.028215408325197,"orthographic":false}