{"cameraMode":{"drawMode":0,"name":"Shaded","section":"Shading Mode"},"sceneLighting":false,"audioPlay":false,"sceneViewState":{"showFog":false,"showMaterialUpdate":false,"showSkybox":false,"showFlares":false,"showImageEffects":false,"showParticleSystems":false},"in2DMode":false,"pivot":{"x":771.8619384765625,"y":-12.73788833618164,"z":401.0499267578125},"rotation":{"x":-0.11824610084295273,"y":0.414053738117218,"z":-0.05434676259756088,"w":-0.9009016156196594},"size":58.993934631347659,"orthographic":false}