{"cameraMode":{"drawMode":0,"name":"Shaded","section":"Shading Mode"},"sceneLighting":false,"audioPlay":false,"sceneViewState":{"showFog":false,"showMaterialUpdate":false,"showSkybox":false,"showFlares":false,"showImageEffects":false,"showParticleSystems":false},"in2DMode":false,"pivot":{"x":815.2387084960938,"y":-0.020362243056297303,"z":370.6751403808594},"rotation":{"x":0.14768105745315553,"y":-0.5403278470039368,"z":0.09699363261461258,"w":0.8226958513259888},"size":0.3253136873245239,"orthographic":false}