{"cameraMode":{"drawMode":0,"name":"Shaded","section":"Shading Mode"},"sceneLighting":false,"audioPlay":false,"sceneViewState":{"showFog":false,"showMaterialUpdate":false,"showSkybox":false,"showFlares":false,"showImageEffects":false,"showParticleSystems":false},"in2DMode":false,"pivot":{"x":817.1946411132813,"y":5.931499481201172,"z":373.80865478515627},"rotation":{"x":0.27202901244163515,"y":0.38488104939460757,"z":-0.11982119828462601,"w":0.8737903833389282},"size":40.010372161865237,"orthographic":false}