{"cameraMode":{"drawMode":0,"name":"Shaded","section":"Shading Mode"},"sceneLighting":false,"audioPlay":false,"sceneViewState":{"showFog":false,"showMaterialUpdate":false,"showSkybox":false,"showFlares":false,"showImageEffects":false,"showParticleSystems":false},"in2DMode":false,"pivot":{"x":814.7681274414063,"y":-0.0034357085824012758,"z":374.5230712890625},"rotation":{"x":-0.2918685972690582,"y":-0.41098353266716006,"z":0.14077207446098329,"w":-0.8521082997322083},"size":2.0074095726013185,"orthographic":false}