{"cameraMode":{"drawMode":0,"name":"Shaded","section":"Shading Mode"},"sceneLighting":false,"audioPlay":false,"sceneViewState":{"showFog":false,"showMaterialUpdate":false,"showSkybox":false,"showFlares":false,"showImageEffects":false,"showParticleSystems":false},"in2DMode":false,"pivot":{"x":821.0360107421875,"y":1.281000018119812,"z":374.96099853515627},"rotation":{"x":0.06487931311130524,"y":0.9149307608604431,"z":-0.3633151352405548,"w":0.16338473558425904},"size":3.4705538749694826,"orthographic":false}