{"cameraMode":{"drawMode":0,"name":"Shaded","section":"Shading Mode"},"sceneLighting":false,"audioPlay":false,"sceneViewState":{"showFog":false,"showMaterialUpdate":false,"showSkybox":false,"showFlares":false,"showImageEffects":false,"showParticleSystems":false},"in2DMode":false,"pivot":{"x":815.4918212890625,"y":1.8776507377624512,"z":374.7354736328125},"rotation":{"x":-0.026097675785422326,"y":0.9599732756614685,"z":-0.2619616687297821,"w":-0.0956365093588829},"size":2.5129592418670656,"orthographic":false}