{"cameraMode":{"drawMode":0,"name":"Shaded","section":"Shading Mode"},"sceneLighting":false,"audioPlay":false,"sceneViewState":{"showFog":false,"showMaterialUpdate":false,"showSkybox":false,"showFlares":false,"showImageEffects":false,"showParticleSystems":false},"in2DMode":false,"pivot":{"x":807.8056030273438,"y":0.5791024565696716,"z":375.9396667480469},"rotation":{"x":-0.050648175179958346,"y":-0.5343663692474365,"z":0.03210052475333214,"w":-0.8431233167648315},"size":0.5263766050338745,"orthographic":true}