{"cameraMode":{"drawMode":0,"name":"Shaded","section":"Shading Mode"},"sceneLighting":false,"audioPlay":false,"sceneViewState":{"showFog":false,"showMaterialUpdate":false,"showSkybox":false,"showFlares":false,"showImageEffects":false,"showParticleSystems":false},"in2DMode":false,"pivot":{"x":431.6585998535156,"y":-2.1190590858459474,"z":436.95928955078127},"rotation":{"x":-0.17933808267116548,"y":-0.11510485410690308,"z":0.021192273125052453,"w":-0.9768007397651672},"size":19.152544021606447,"orthographic":false}