{"cameraMode":{"drawMode":0,"name":"Shaded","section":"Shading Mode"},"sceneLighting":false,"audioPlay":false,"sceneViewState":{"showFog":false,"showMaterialUpdate":false,"showSkybox":false,"showFlares":false,"showImageEffects":false,"showParticleSystems":false},"in2DMode":false,"pivot":{"x":813.9392700195313,"y":1.704777479171753,"z":372.32794189453127},"rotation":{"x":-0.26146289706230166,"y":0.050636980682611468,"z":-0.013739691115915776,"w":-0.9637864232063294},"size":1.3555660247802735,"orthographic":false}