{"cameraMode":{"drawMode":0,"name":"Shaded","section":"Shading Mode"},"sceneLighting":false,"audioPlay":false,"sceneViewState":{"showFog":false,"showMaterialUpdate":false,"showSkybox":false,"showFlares":false,"showImageEffects":false,"showParticleSystems":false},"in2DMode":false,"pivot":{"x":814.3690795898438,"y":0.15999984741210938,"z":378.1659851074219},"rotation":{"x":-0.21170274913311006,"y":-0.5276432037353516,"z":0.13767589628696443,"w":-0.8110610842704773},"size":40.010372161865237,"orthographic":false}