{"cameraMode":{"drawMode":0,"name":"Shaded","section":"Shading Mode"},"sceneLighting":false,"audioPlay":false,"sceneViewState":{"showFog":false,"showMaterialUpdate":false,"showSkybox":false,"showFlares":false,"showImageEffects":false,"showParticleSystems":false},"in2DMode":false,"pivot":{"x":813.0506591796875,"y":1.4501161575317383,"z":374.370849609375},"rotation":{"x":-0.02276637777686119,"y":0.9239632487297058,"z":-0.055797867476940158,"w":-0.37770405411720278},"size":40.010372161865237,"orthographic":false}