{"cameraMode":{"drawMode":0,"name":"Shaded","section":"Shading Mode"},"sceneLighting":false,"audioPlay":false,"sceneViewState":{"showFog":false,"showMaterialUpdate":false,"showSkybox":false,"showFlares":false,"showImageEffects":false,"showParticleSystems":false},"in2DMode":false,"pivot":{"x":819.5767822265625,"y":1.2618999481201172,"z":374.9289855957031},"rotation":{"x":-0.3266526758670807,"y":-0.053270310163497928,"z":0.018443679437041284,"w":-0.9434618353843689},"size":0.21522313356399537,"orthographic":false}