{"cameraMode":{"drawMode":0,"name":"Shaded","section":"Shading Mode"},"sceneLighting":false,"audioPlay":false,"sceneViewState":{"showFog":false,"showMaterialUpdate":false,"showSkybox":false,"showFlares":false,"showImageEffects":false,"showParticleSystems":false},"in2DMode":false,"pivot":{"x":824.5205078125,"y":-2.3097896575927736,"z":379.5296936035156},"rotation":{"x":-0.09066108614206314,"y":-0.6507018804550171,"z":0.07862656563520432,"w":-0.7497903108596802},"size":11.022165298461914,"orthographic":false}