{"cameraMode":{"drawMode":0,"name":"Shaded","section":"Shading Mode"},"sceneLighting":false,"audioPlay":false,"sceneViewState":{"showFog":false,"showMaterialUpdate":false,"showSkybox":false,"showFlares":false,"showImageEffects":false,"showParticleSystems":false},"in2DMode":false,"pivot":{"x":812.9278564453125,"y":0.262999951839447,"z":377.1099548339844},"rotation":{"x":0.4139750003814697,"y":0.2290511578321457,"z":-0.10845333337783814,"w":0.8742986917495728},"size":3.6875975131988527,"orthographic":false}