{"cameraMode":{"drawMode":0,"name":"Shaded","section":"Shading Mode"},"sceneLighting":false,"audioPlay":false,"sceneViewState":{"showFog":false,"showMaterialUpdate":false,"showSkybox":false,"showFlares":false,"showImageEffects":false,"showParticleSystems":false},"in2DMode":false,"pivot":{"x":797.1673583984375,"y":5.968194961547852,"z":375.7047119140625},"rotation":{"x":0.007828697562217713,"y":-0.48449572920799258,"z":-0.004269725643098354,"w":-0.8747482299804688},"size":41.94062423706055,"orthographic":false}