{"cameraMode":{"drawMode":0,"name":"Shaded","section":"Shading Mode"},"sceneLighting":false,"audioPlay":false,"sceneViewState":{"showFog":false,"showMaterialUpdate":false,"showSkybox":false,"showFlares":false,"showImageEffects":false,"showParticleSystems":false},"in2DMode":false,"pivot":{"x":433.0889892578125,"y":3.158743143081665,"z":420.11236572265627},"rotation":{"x":0.01227230578660965,"y":0.9805350303649902,"z":-0.18482859432697297,"w":0.06510652601718903},"size":2.4804775714874269,"orthographic":false}